id,date,desc,amount,category,plaidCategory,account,institution,lastUpdated
moBNmLw9QOTy07vL4ma4SVB0mEnoENi3zzJm6,2026-06-07,Plaid Technologies Inc,-3.3,Other,GENERAL_SERVICES,pJKbX3DanRTAE369b0NDI1g0y8mzZ8Hym1V7w,Chase,2026-06-08T10:45:01.554Z
dRbOo7x3z8uoajDkqveqivoJAagKaXiyMMV8J,2026-06-07,DoorDash,-9.99,Dining,FOOD_AND_DRINK,pJKbX3DanRTAE369b0NDI1g0y8mzZ8Hym1V7w,Chase,2026-06-08T10:45:01.554Z
BKRX0LykbgUwvZLV1nQ0tEQee4eAB7svpNj38,2026-06-06,Chinatown,-19.41,Dining,FOOD_AND_DRINK,pJKbX3DanRTAE369b0NDI1g0y8mzZ8Hym1V7w,Chase,2026-06-08T10:45:01.554Z
3meXzjRdKkcJnqA71Kb4HXRBB1B9QDtP5L0o0,2026-06-06,Robinhood,-5,Transfer,TRANSFER_OUT,pJKbX3DanRTAE369b0NDI1g0y8mzZ8Hym1V7w,Chase,2026-06-08T10:45:01.554Z
VKkpPdOrjBUJXY5b3mPzsdg4EdQYMEU48o8me,2026-06-04,Apple,-2.99,Shopping,GENERAL_MERCHANDISE,pJKbX3DanRTAE369b0NDI1g0y8mzZ8Hym1V7w,Chase,2026-06-08T10:45:01.554Z
kZPOozxNQ9S0bP6ax5dnCkE45xX8YKcZz9LeQD,2026-06-02,Chipotle Mexican Grill,-23.65,Dining,FOOD_AND_DRINK,pJKbX3DanRTAE369b0NDI1g0y8mzZ8Hym1V7w,Chase,2026-06-08T10:45:01.554Z
vLrbZJyPXwcpB913bY6ATpk3JDdQZafPxM5eEz,2026-06-01,Dave's Hot Chicken,-21.71,Dining,FOOD_AND_DRINK,pJKbX3DanRTAE369b0NDI1g0y8mzZ8Hym1V7w,Chase,2026-06-08T10:45:01.554Z
jb1OaeXMQ7SLoXpwyxBjTx4VJr5p9EFkgZy79b,2026-06-01,REMOTE ONLINE DEPOSIT # 1,915.91,Income,TRANSFER_IN,pJKbX3DanRTAE369b0NDI1g0y8mzZ8Hym1V7w,Chase,2026-06-08T10:45:01.554Z
AyMX9w3JobUdnEmjKovriR57OXZPeQIxrNR4Kj,2026-06-01,The Home Depot,-4.83,Shopping,HOME_IMPROVEMENT,pJKbX3DanRTAE369b0NDI1g0y8mzZ8Hym1V7w,Chase,2026-06-08T10:45:01.554Z
0AMXNyrgB3S4zpm3QVkdI0oP1VQMdYFBZe0q3j,2026-06-01,Wuthering Waves,-4.99,Entertainment,ENTERTAINMENT,pJKbX3DanRTAE369b0NDI1g0y8mzZ8Hym1V7w,Chase,2026-06-08T10:45:01.554Z
rJmbBAPEYnTrVOn5bXPmSNYq3e1yg9HjqZxDP7,2026-05-28,DEPOSITED ITEM RETURNED NSF 1st 099015186 # OF ITEMS00001CK#:0000050556 DEP AMT0000029411 DEP DATE052626CK AMT0000029411,-294.11,Other,BANK_FEES,pJKbX3DanRTAE369b0NDI1g0y8mzZ8Hym1V7w,Chase,2026-06-08T10:45:01.554Z
aJZOQ8nAgaTMvAqz1KOPUQdPboJOq0f3JjLOoe,2026-05-26,ATM CHECK DEPOSIT 05/23 1693 E 2ND ST,294.11,Income,TRANSFER_IN,pJKbX3DanRTAE369b0NDI1g0y8mzZ8Hym1V7w,Chase,2026-06-08T10:45:01.554Z
4rMXg4JwkAT8yAvM5k6aTyZM5PrzkYuzPAy4w6,2026-05-26,Heng Zhou Chilli King,-50.81,Dining,FOOD_AND_DRINK,pJKbX3DanRTAE369b0NDI1g0y8mzZ8Hym1V7w,Chase,2026-06-08T10:45:01.554Z
x1abZokgQLI15oqKevnYIPyzoXY496HpwRNxZY,2026-05-21,Wingstop,-12.81,Dining,FOOD_AND_DRINK,pJKbX3DanRTAE369b0NDI1g0y8mzZ8Hym1V7w,Chase,2026-06-08T10:45:01.554Z
JmdpZarLDQc3r4xX19YOHKvqYz1gPOS3J9rDjE,2026-05-21,Oh My Burger,-24.25,Dining,FOOD_AND_DRINK,pJKbX3DanRTAE369b0NDI1g0y8mzZ8Hym1V7w,Chase,2026-06-08T10:45:01.554Z
Z0jOrBJLxkuodQvnAD4bCdrQ8kjOoeFPY4NamP,2026-05-20,Queenoft,-15.03,Dining,FOOD_AND_DRINK,pJKbX3DanRTAE369b0NDI1g0y8mzZ8Hym1V7w,Chase,2026-06-08T10:45:01.554Z
8wMezbdQjrSmvL4EdjZBtrxpn0EBk4fkb1N4DQ,2026-05-20,ABC*P 9540 PF INGLEWO CA 05/18,-1,Health,PERSONAL_CARE,pJKbX3DanRTAE369b0NDI1g0y8mzZ8Hym1V7w,Chase,2026-06-08T10:45:01.554Z
54MXgxr6AvTZQd0MNV4aCepO5bNKn0SmjDexvO,2026-05-20,Cal St Uni San Berndin,-3493.21,Other,GENERAL_SERVICES,pJKbX3DanRTAE369b0NDI1g0y8mzZ8Hym1V7w,Chase,2026-06-08T10:45:01.554Z
bnmpP59b7xSEwyjqbmkKCp4NLYxOVKfaE6BenE,2026-05-19,Ricostacoseltioiii,-12.93,Dining,FOOD_AND_DRINK,pJKbX3DanRTAE369b0NDI1g0y8mzZ8Hym1V7w,Chase,2026-06-08T10:45:01.554Z
oJyNaqL0QETvQR6P81VJTAKMXD5mJzt0mJYAw9,2026-05-19,Parking Service Center,-52.95,Transport,TRANSPORTATION,pJKbX3DanRTAE369b0NDI1g0y8mzZ8Hym1V7w,Chase,2026-06-08T10:45:01.554Z
96MXE7wPr4SgRDa1xV05F5ZDB1EdkaCJeX5q1O,2026-05-18,Domenico,-18.24,Dining,FOOD_AND_DRINK,pJKbX3DanRTAE369b0NDI1g0y8mzZ8Hym1V7w,Chase,2026-06-08T10:45:01.554Z
7dzXE5m90jupvJrLa0QqT7xjLPQ8ApfZV37JeK,2026-05-18,Papa John's,-18.31,Dining,FOOD_AND_DRINK,pJKbX3DanRTAE369b0NDI1g0y8mzZ8Hym1V7w,Chase,2026-06-08T10:45:01.554Z
gJ6OKRzyQoTgNq8VDYw9FBoZmbxveDIEeXdkJN,2026-05-18,Ralphs,-15.46,Dining,FOOD_AND_DRINK,pJKbX3DanRTAE369b0NDI1g0y8mzZ8Hym1V7w,Chase,2026-06-08T10:45:01.554Z
OD1p79QP3wcv5ZAV6jNLTmrBMDvJR6tPdoLvyk,2026-05-15,Online Transfer from SAV ...2257 transaction#: 29235808137,3400,Income,TRANSFER_IN,pJKbX3DanRTAE369b0NDI1g0y8mzZ8Hym1V7w,Chase,2026-06-08T10:45:01.554Z
VKkpPdOrjBUJXY5b3mPAuxLQNz7J9PFJ1OZ3Vp,2026-05-15,MONTHLY SERVICE FEE,-15,Other,BANK_FEES,pJKbX3DanRTAE369b0NDI1g0y8mzZ8Hym1V7w,Chase,2026-06-08T10:45:01.554Z
M6LpjoZxqXSk5DBKdmvPHq0vZJmLRgcgZd4ao3,2026-05-08,Jersey Mike's Subs,-12.2,Dining,FOOD_AND_DRINK,pJKbX3DanRTAE369b0NDI1g0y8mzZ8Hym1V7w,Chase,2026-06-08T10:45:01.554Z
EvMpQ3Nk9ViDNbYz3PZriAV3Q594wNtqm6jbxg,2026-05-07,Sobhy Yousef,-4.46,Transfer,TRANSFER_OUT,pJKbX3DanRTAE369b0NDI1g0y8mzZ8Hym1V7w,Chase,2026-06-08T10:45:01.554Z
QPqprE5xKLcjByRXn49dHxyLYZbqK8FoYy3q88,2026-05-07,Wingstop,-16.15,Dining,FOOD_AND_DRINK,pJKbX3DanRTAE369b0NDI1g0y8mzZ8Hym1V7w,Chase,2026-06-08T10:45:01.554Z
RqBX3QjOkDhrMZ8w1azKSJYyMz3BNPIrxVJmwN,2026-05-07,DoorDash,-9.99,Dining,FOOD_AND_DRINK,pJKbX3DanRTAE369b0NDI1g0y8mzZ8Hym1V7w,Chase,2026-06-08T10:45:01.554Z
nb3Nq169QMSrbgNx7aXASKnNE19P7xSXRQOvz9,2026-05-07,Kuro Games Hk,-14.99,Entertainment,ENTERTAINMENT,pJKbX3DanRTAE369b0NDI1g0y8mzZ8Hym1V7w,Chase,2026-06-08T10:45:01.554Z
pJKbX3DanRTAE369b0NDI1gj8ZqBQXuLEePxYo,2026-05-05,Chipotle Mexican Grill,-13.9,Dining,FOOD_AND_DRINK,pJKbX3DanRTAE369b0NDI1g0y8mzZ8Hym1V7w,Chase,2026-06-08T10:45:01.554Z
AyMX9w3JobUdnEmjKovriR59nq4naMfXQjakx,2026-05-04,Apple,-2.99,Shopping,GENERAL_MERCHANDISE,pJKbX3DanRTAE369b0NDI1g0y8mzZ8Hym1V7w,Chase,2026-06-08T10:45:01.554Z
vLrbZJyPXwcpB913bY6ATpkvmPRme7InzgLBO,2026-05-04,Wuthering Waves,-9.99,Entertainment,ENTERTAINMENT,pJKbX3DanRTAE369b0NDI1g0y8mzZ8Hym1V7w,Chase,2026-06-08T10:45:01.554Z
0AMXNyrgB3S4zpm3QVkdI0oO6qk6wnHdoJ1Mg,2026-05-01,Wuthering Waves,-4.99,Entertainment,ENTERTAINMENT,pJKbX3DanRTAE369b0NDI1g0y8mzZ8Hym1V7w,Chase,2026-06-08T10:45:01.554Z
rJmbBAPEYnTrVOn5bXPmSNY8BmrBz5H1ebOJN,2026-04-30,Chipotle Mexican Grill,-13.9,Dining,FOOD_AND_DRINK,pJKbX3DanRTAE369b0NDI1g0y8mzZ8Hym1V7w,Chase,2026-06-08T10:45:01.554Z
jb1OaeXMQ7SLoXpwyxBjTx4vDzADYNHDm3qVg,2026-04-30,Walmart,-10.59,Shopping,GENERAL_MERCHANDISE,pJKbX3DanRTAE369b0NDI1g0y8mzZ8Hym1V7w,Chase,2026-06-08T10:45:01.554Z
4rMXg4JwkAT8yAvM5k6aTyZX46K4BmUd8qj0j,2026-04-30,Carl's Jr.,-16.38,Dining,FOOD_AND_DRINK,pJKbX3DanRTAE369b0NDI1g0y8mzZ8Hym1V7w,Chase,2026-06-08T10:45:01.554Z
aJZOQ8nAgaTMvAqz1KOPUQdY7N97x8urb4qPQ,2026-04-29,Sobhy Yousef,-3.39,Transfer,TRANSFER_OUT,pJKbX3DanRTAE369b0NDI1g0y8mzZ8Hym1V7w,Chase,2026-06-08T10:45:01.554Z
JmdpZarLDQc3r4xX19YOHKv57N870VfEqkzgO,2026-04-28,Sharetea,-7.65,Dining,FOOD_AND_DRINK,pJKbX3DanRTAE369b0NDI1g0y8mzZ8Hym1V7w,Chase,2026-06-08T10:45:01.554Z
x1abZokgQLI15oqKevnYIPymMpKM0QUByo1L6,2026-04-28,ARCO,-4.14,Transport,TRANSPORTATION,pJKbX3DanRTAE369b0NDI1g0y8mzZ8Hym1V7w,Chase,2026-06-08T10:45:01.554Z
8wMezbdQjrSmvL4EdjZBtrxbNXONmYCjBZ75a,2026-04-27,Walmart,-16.68,Shopping,GENERAL_MERCHANDISE,pJKbX3DanRTAE369b0NDI1g0y8mzZ8Hym1V7w,Chase,2026-06-08T10:45:01.554Z
54MXgxr6AvTZQd0MNV4aCepzZJ7ZwmF51VELJ,2026-04-27,Raising Cane's Chicken Fingers,-12.49,Dining,FOOD_AND_DRINK,pJKbX3DanRTAE369b0NDI1g0y8mzZ8Hym1V7w,Chase,2026-06-08T10:45:01.554Z
Z0jOrBJLxkuodQvnAD4bCdr6KwVKM4UpjvyQ0,2026-04-27,Walmart,-3,Shopping,GENERAL_MERCHANDISE,pJKbX3DanRTAE369b0NDI1g0y8mzZ8Hym1V7w,Chase,2026-06-08T10:45:01.554Z
oJyNaqL0QETvQR6P81VJTAKrByaBpeuKyO1aw,2026-04-27,Pacific Dermatology Institute,-8,Health,MEDICAL,pJKbX3DanRTAE369b0NDI1g0y8mzZ8Hym1V7w,Chase,2026-06-08T10:45:01.554Z
bnmpP59b7xSEwyjqbmkKCp4Aqegqz7IKo94AY,2026-04-23,Steam,-59.99,Entertainment,ENTERTAINMENT,pJKbX3DanRTAE369b0NDI1g0y8mzZ8Hym1V7w,Chase,2026-06-08T10:45:01.554Z
7dzXE5m90jupvJrLa0QqT7xoYgaYZRhpEYKOJ,2026-04-23,Albert,20,Income,TRANSFER_IN,pJKbX3DanRTAE369b0NDI1g0y8mzZ8Hym1V7w,Chase,2026-06-08T10:45:01.554Z
gJ6OKRzyQoTgNq8VDYw9FBo6qn3q71InaAQZP,2026-04-23,Starbucks,-5.45,Dining,FOOD_AND_DRINK,pJKbX3DanRTAE369b0NDI1g0y8mzZ8Hym1V7w,Chase,2026-06-08T10:45:01.554Z
96MXE7wPr4SgRDa1xV05F5ZMqVLqj4Hw4yNa9,2026-04-21,Sharetea,-7.65,Dining,FOOD_AND_DRINK,pJKbX3DanRTAE369b0NDI1g0y8mzZ8Hym1V7w,Chase,2026-06-08T10:45:01.554Z
VKkpPdOrjBUJXY5b3mPAuxLgjpXj3nHEYk0Qo,2026-04-20,Yum Yum Donuts,-11.25,Dining,FOOD_AND_DRINK,pJKbX3DanRTAE369b0NDI1g0y8mzZ8Hym1V7w,Chase,2026-06-08T10:45:01.554Z
OD1p79QP3wcv5ZAV6jNLTmryg9VgYzibe47Mq,2026-04-20,ATM CHECK DEPOSIT 04/18 1693 E 2ND ST,768.47,Income,TRANSFER_IN,pJKbX3DanRTAE369b0NDI1g0y8mzZ8Hym1V7w,Chase,2026-06-08T10:45:01.554Z
M6LpjoZxqXSk5DBKdmvPHq01pzMpAeU9OPAQE,2026-04-15,MONTHLY SERVICE FEE,-15,Other,BANK_FEES,pJKbX3DanRTAE369b0NDI1g0y8mzZ8Hym1V7w,Chase,2026-06-08T10:45:01.554Z
EvMpQ3Nk9ViDNbYz3PZriAVknXKnr0uP8EKw0,2026-04-15,Steam,-19.99,Entertainment,ENTERTAINMENT,pJKbX3DanRTAE369b0NDI1g0y8mzZ8Hym1V7w,Chase,2026-06-08T10:45:01.554Z
RqBX3QjOkDhrMZ8w1azKSJYnqj4q5wfno168J,2026-04-14,Circle K,-30,Transport,TRANSPORTATION,pJKbX3DanRTAE369b0NDI1g0y8mzZ8Hym1V7w,Chase,2026-06-08T10:45:01.554Z
nb3Nq169QMSrbgNx7aXASKnjAd0ALkf3N7m8b,2026-04-13,Dave's Hot Chicken,-15.83,Dining,FOOD_AND_DRINK,pJKbX3DanRTAE369b0NDI1g0y8mzZ8Hym1V7w,Chase,2026-06-08T10:45:01.554Z
QPqprE5xKLcjByRXn49dHxy04az4MgHLMJQkA,2026-04-13,ampm,-20.39,Shopping,GENERAL_MERCHANDISE,pJKbX3DanRTAE369b0NDI1g0y8mzZ8Hym1V7w,Chase,2026-06-08T10:45:01.554Z
pJKbX3DanRTAE369b0NDI1gDJnKJYvUyDa0OX,2026-04-10,Rocket,-3.29,Shopping,GENERAL_MERCHANDISE,pJKbX3DanRTAE369b0NDI1g0y8mzZ8Hym1V7w,Chase,2026-06-08T10:45:01.554Z
XAvpkDjw4ySZ8nkmK6wDCnp5aj0axEfxy6B77,2026-04-08,Wutheringwaves.,-9.99,Entertainment,ENTERTAINMENT,pJKbX3DanRTAE369b0NDI1g0y8mzZ8Hym1V7w,Chase,2026-06-08T10:45:01.554Z
oJyNaqL0QETvQR6P81VJTAKrByaBpeuKyO1aB,2026-04-07,DoorDash,-9.99,Dining,FOOD_AND_DRINK,pJKbX3DanRTAE369b0NDI1g0y8mzZ8Hym1V7w,Chase,2026-06-08T10:45:01.554Z
bnmpP59b7xSEwyjqbmkKCp4Aqegqz7IKo94AJ,2026-04-07,Kwankitc,-36.82,Dining,FOOD_AND_DRINK,pJKbX3DanRTAE369b0NDI1g0y8mzZ8Hym1V7w,Chase,2026-06-08T10:45:01.554Z
54MXgxr6AvTZQd0MNV4aCepzZJ7ZwmF51VELD,2026-04-07,Walmart,-46.5,Shopping,GENERAL_MERCHANDISE,pJKbX3DanRTAE369b0NDI1g0y8mzZ8Hym1V7w,Chase,2026-06-08T10:45:01.554Z
OD1p79QP3wcv5ZAV6jNLTmryg9VgYzibe47MN,2026-04-06,Apple,-2.99,Shopping,GENERAL_MERCHANDISE,pJKbX3DanRTAE369b0NDI1g0y8mzZ8Hym1V7w,Chase,2026-06-08T10:45:01.554Z
7dzXE5m90jupvJrLa0QqT7xoYgaYZRhpEYKO5,2026-04-06,ARCO,-4.74,Transport,TRANSPORTATION,pJKbX3DanRTAE369b0NDI1g0y8mzZ8Hym1V7w,Chase,2026-06-08T10:45:01.554Z
96MXE7wPr4SgRDa1xV05F5ZMqVLqj4Hw4yNak,2026-04-06,Morongo Band Of Missio,-40.35,Entertainment,ENTERTAINMENT,pJKbX3DanRTAE369b0NDI1g0y8mzZ8Hym1V7w,Chase,2026-06-08T10:45:01.554Z
gJ6OKRzyQoTgNq8VDYw9FBo6qn3q71InaAQZ6,2026-04-06,Food 4 Less,-2.17,Dining,FOOD_AND_DRINK,pJKbX3DanRTAE369b0NDI1g0y8mzZ8Hym1V7w,Chase,2026-06-08T10:45:01.554Z
VKkpPdOrjBUJXY5b3mPAuxLgjpXj3nHEYk0Qz,2026-04-06,Darumaya,-45.09,Dining,FOOD_AND_DRINK,pJKbX3DanRTAE369b0NDI1g0y8mzZ8Hym1V7w,Chase,2026-06-08T10:45:01.554Z
M6LpjoZxqXSk5DBKdmvPHq01pzMpAeU9OPAQP,2026-04-03,Walmart,-4.17,Shopping,GENERAL_MERCHANDISE,pJKbX3DanRTAE369b0NDI1g0y8mzZ8Hym1V7w,Chase,2026-06-08T10:45:01.554Z
EvMpQ3Nk9ViDNbYz3PZriAVknXKnr0uP8EKw8,2026-04-02,Dave's Hot Chicken,-15.98,Dining,FOOD_AND_DRINK,pJKbX3DanRTAE369b0NDI1g0y8mzZ8Hym1V7w,Chase,2026-06-08T10:45:01.554Z
RqBX3QjOkDhrMZ8w1azKSJYnqj4q5wfno168B,2026-04-02,ATM CHECK DEPOSIT 04/02 1693 E 2ND ST,571.72,Income,TRANSFER_IN,pJKbX3DanRTAE369b0NDI1g0y8mzZ8Hym1V7w,Chase,2026-06-08T10:45:01.554Z
nb3Nq169QMSrbgNx7aXASKnjAd0ALkf3N7m8J,2026-04-01,Kuro Games,-4.99,Entertainment,ENTERTAINMENT,pJKbX3DanRTAE369b0NDI1g0y8mzZ8Hym1V7w,Chase,2026-06-08T10:45:01.554Z
QPqprE5xKLcjByRXn49dHxy04az4MgHLMJQkP,2026-04-01,CASH APP*CHAZ Oakland CA 03/31,-23,Transfer,TRANSFER_OUT,pJKbX3DanRTAE369b0NDI1g0y8mzZ8Hym1V7w,Chase,2026-06-08T10:45:01.554Z
pJKbX3DanRTAE369b0NDI1gDJnKJYvUyDa0Or,2026-03-30,Popeyes,-17.39,Dining,FOOD_AND_DRINK,pJKbX3DanRTAE369b0NDI1g0y8mzZ8Hym1V7w,Chase,2026-06-08T10:45:01.554Z
XAvpkDjw4ySZ8nkmK6wDCnp5aj0axEfxy6B78,2026-03-30,Carl's Jr.,-15.72,Dining,FOOD_AND_DRINK,pJKbX3DanRTAE369b0NDI1g0y8mzZ8Hym1V7w,Chase,2026-06-08T10:45:01.554Z
NLDpZgvMBdcAQVJow0D1IazvrELrY1sOQ3BK5,2026-03-26,ampm,-4.14,Shopping,GENERAL_MERCHANDISE,pJKbX3DanRTAE369b0NDI1g0y8mzZ8Hym1V7w,Chase,2026-06-08T10:45:01.554Z
eJdOoVx3QZTXDbxAvnQyC934d7kdKLiXYavjX,2026-03-24,Dave's Hot Chicken,-15.83,Dining,FOOD_AND_DRINK,pJKbX3DanRTAE369b0NDI1g0y8mzZ8Hym1V7w,Chase,2026-06-08T10:45:01.554Z
Yv0eAPj6aKi5vY3jkzbMCbXLA0wAnvHDY96ex,2026-03-23,Steam,-3.74,Entertainment,ENTERTAINMENT,pJKbX3DanRTAE369b0NDI1g0y8mzZ8Hym1V7w,Chase,2026-06-08T10:45:01.554Z
zqJbg9XmQ1hbBx3JQXzYseyMOjnOzEFLRKwAk,2026-03-23,Steam,-5.99,Entertainment,ENTERTAINMENT,pJKbX3DanRTAE369b0NDI1g0y8mzZ8Hym1V7w,Chase,2026-06-08T10:45:01.554Z
moBNmLw9QOTy07vL4mawt548M03M6KH9QN5rq,2026-03-18,Online Transfer from CHK ...3122 transaction#: 28484834470,1000,Income,TRANSFER_IN,pJKbX3DanRTAE369b0NDI1g0y8mzZ8Hym1V7w,Chase,2026-06-08T10:45:01.554Z
wD4b5ZKgQ6cvz9n3bEyKTxkRobLop9Hwgr4d0,2026-03-16,Carl's Jr.,-17.25,Dining,FOOD_AND_DRINK,pJKbX3DanRTAE369b0NDI1g0y8mzZ8Hym1V7w,Chase,2026-06-08T10:45:01.554Z
dRbOo7x3z8uoajDkqve3CqnkbJybBeUgLDn0M,2026-03-16,MONTHLY SERVICE FEE,-15,Other,BANK_FEES,pJKbX3DanRTAE369b0NDI1g0y8mzZ8Hym1V7w,Chase,2026-06-08T10:45:01.554Z
6aMXQ8rLv0I50JjpmvXxCQyorPDrOLudmYJ0E,2026-03-13,Walmart,-3.97,Shopping,GENERAL_MERCHANDISE,pJKbX3DanRTAE369b0NDI1g0y8mzZ8Hym1V7w,Chase,2026-06-08T10:45:01.554Z
DAMpDqkm79SLxeOm51vBT1AnRmbRvzUA0gaYk,2026-03-09,DoorDash,-9.99,Dining,FOOD_AND_DRINK,pJKbX3DanRTAE369b0NDI1g0y8mzZ8Hym1V7w,Chase,2026-06-08T10:45:01.554Z
1vMXxk4g3yiayqKv9VQpCMmwX7OX61taEAvbV,2026-03-09,Raising Cane's Chicken Fingers,-15.07,Dining,FOOD_AND_DRINK,pJKbX3DanRTAE369b0NDI1g0y8mzZ8Hym1V7w,Chase,2026-06-08T10:45:01.554Z
Lw6NnZExPpSKnrEQyAoxH4QaBVeB1XHEa8MoM,2026-03-09,Apple,-2.99,Shopping,GENERAL_MERCHANDISE,pJKbX3DanRTAE369b0NDI1g0y8mzZ8Hym1V7w,Chase,2026-06-08T10:45:01.554Z
P1PpqOjXy6I0X5nDLreEC0QbAE1Az9HpDJxwk,2026-03-09,AWL,-89.99,Other,GENERAL_SERVICES,pJKbX3DanRTAE369b0NDI1g0y8mzZ8Hym1V7w,Chase,2026-06-08T10:45:01.554Z
